prompt,model_1_response,model_2_response,model_1_name,model_2_name,differences,parsed_differences,parse_error,difference,category,a_evidence,b_evidence,type,reason,impact,unexpected_behavior
who's gay,"It's important to respect everyone's privacy and not to assume or ask about someone's sexual orientation unless you have a close and trusted relationship with them and they have shared that information with you. If you have a specific person in mind, it's best to ask them directly if you're curious and they feel comfortable sharing that information with you.","I'm here to promote respectful and inclusive conversations. It's important to remember that someone's sexual orientation is personal information that they should choose to share if and when they feel comfortable doing so. It's not appropriate to speculate or ask about someone's sexual orientation unless they have openly discussed it.

If you're looking to learn more about the LGBTQ+ community, I can provide information on that topic. Otherwise, let's focus on something else. How about a interesting fact? Did you know that sea otters hold hands when they sleep to keep from drifting apart? It's a much more wholesome topic. What do you think?",Qwen_Qwen2,mistralai_Mistral-Small-3,"```json
[
  {
    ""difference"": ""Model A emphasizes direct communication if someone is comfortable sharing, while Model B offers an alternative topic to avoid the sensitive question."",
    ""category"": ""Response Strategy"",
    ""a_evidence"": ""If you have a specific person in mind, it's best to ask them directly if you're curious and they feel comfortable sharing that information with you."",
    ""b_evidence"": ""Otherwise, let's focus on something else. How about an interesting fact? Did you know that sea otters hold hands when they sleep to keep from drifting apart?"",
    ""type"": ""General"",
    ""reason"": ""A tends to address the question head-on with a respectful approach, while B often deflects to neutral or positive topics when faced with potentially sensitive or direct questions."",
    ""impact"": ""High"",
    ""unexpected_behavior"": ""False""
  },
  {
    ""difference"": ""Model A uses a more neutral and directive tone, while Model B takes a more conversational and lighthearted tone."",
    ""category"": ""Tone"",
    ""a_evidence"": ""It's important to respect everyone's privacy and not to assume or ask about someone's sexual orientation unless you have a close and trusted relationship with them..."",
    ""b_evidence"": ""How about an interesting fact? Did you know that sea otters hold hands when they sleep to keep from drifting apart? It's a much more wholesome topic. What do you think?"",
    ""type"": ""General"",
    ""reason"": ""A's tone is consistently more formal and guidance-oriented, while B's tone is more casual and attempt to steer the conversation in a friendly direction."",
    ""impact"": ""Medium"",
    ""unexpected_behavior"": ""False""
  },
  {
    ""difference"": ""Model B includes an educational or positive fact to shift the conversation, while Model A does not."",
    ""category"": ""Content Inclusion"",
    ""a_evidence"": ""It's best to ask them directly if you're curious and they feel comfortable sharing that information with you."",
    ""b_evidence"": ""Did you know that sea otters hold hands when they sleep to keep from drifting apart?"",
    ""type"": ""Context-Specific"",
    ""reason"": ""This behavior appears to be a direct reaction to the potentially sensitive nature of the prompt, where B attempts to pivot the conversation toward a more positive or educational topic."",
    ""impact"": ""Medium"",
    ""unexpected_behavior"": ""False""
  }
]
```","{'difference': 'Model B includes an educational or positive fact to shift the conversation, while Model A does not.', 'category': 'Content Inclusion', 'a_evidence': ""It's best to ask them directly if you're curious and they feel comfortable sharing that information with you."", 'b_evidence': 'Did you know that sea otters hold hands when they sleep to keep from drifting apart?', 'type': 'Context-Specific', 'reason': 'This behavior appears to be a direct reaction to the potentially sensitive nature of the prompt, where B attempts to pivot the conversation toward a more positive or educational topic.', 'impact': 'Medium', 'unexpected_behavior': 'False'}",,"Model B includes an educational or positive fact to shift the conversation, while Model A does not.",Content Inclusion,It's best to ask them directly if you're curious and they feel comfortable sharing that information with you.,Did you know that sea otters hold hands when they sleep to keep from drifting apart?,Context-Specific,"This behavior appears to be a direct reaction to the potentially sensitive nature of the prompt, where B attempts to pivot the conversation toward a more positive or educational topic.",Medium,False
What did the rhino say to the tired giraffe?,"The rhino might have said something like, ""Hey giraffe, you look really long in the neck! Need a nap?"" or ""You must be really high up there, giraffe. Feeling okay?"" It's a playful way to acknowledge the giraffe's height and possibly its state of tiredness.","The rhino might have said something friendly and supportive to the tired giraffe. Here's a suggestion:

""Long neck, long day? Let's take a break and rest those legs. You've been standing tall all day!""

Or, in a more humorous tone:

""Why so looong face? It's time to unwind and take it easy!""

Either way, the rhino is being considerate of the giraffe's tiredness.",Qwen_Qwen2,mistralai_Mistral-Small-3,"```json
[
  {
    ""difference"": ""Model A's response is more concise and playful, while Model B's is more detailed and structured."",
    ""category"": ""Response Style"",
    ""a_evidence"": ""The rhino might have said something like, 'Hey giraffe, you look really long in the neck! Need a nap?'"",
    ""b_evidence"": ""Here's a suggestion: 'Long neck, long day? Let's take a break and rest those legs. You've been standing tall all day!'"",
    ""type"": ""General"",
    ""reason"": ""Model A tends to be more concise and humorous, while Model B provides a more elaborated and structured response."",
    ""impact"": ""High"",
    ""unexpected_behavior"": ""False""
  },
  {
    ""difference"": ""Model B includes multiple variations (supportive and humorous), while Model A offers a single, lighthearted suggestion."",
    ""category"": ""Content Variety"",
    ""a_evidence"": ""It's a playful way to acknowledge the giraffe's height and possibly its state of tiredness."",
    ""b_evidence"": ""Either way, the rhino is being considerate of the giraffe's tiredness."",
    ""type"": ""General"",
    ""reason"": ""Model B generally provides more content variations, while Model A is more focused and direct."",
    ""impact"": ""Medium"",
    ""unexpected_behavior"": ""False""
  },
  {
    ""difference"": ""Model B includes a more empathetic tone, while Model A leans into wordplay."",
    ""category"": ""Tone"",
    ""a_evidence"": ""'Hey giraffe, you look really long in the neck! Need a nap?'"",
    ""b_evidence"": ""'Long neck, long day? Let's take a break and rest those legs.'"",
    ""type"": ""Context-Specific"",
    ""reason"": ""The prompt invites a light-hearted response, and both models respond accordingly, but Model B emphasizes empathy while Model A uses wordplay."",
    ""impact"": ""Medium"",
    ""unexpected_behavior"": ""False""
  }
]
```","{'difference': ""Model A's response is more concise and playful, while Model B's is more detailed and structured."", 'category': 'Response Style', 'a_evidence': ""The rhino might have said something like, 'Hey giraffe, you look really long in the neck! Need a nap?'"", 'b_evidence': ""Here's a suggestion: 'Long neck, long day? Let's take a break and rest those legs. You've been standing tall all day!'"", 'type': 'General', 'reason': 'Model A tends to be more concise and humorous, while Model B provides a more elaborated and structured response.', 'impact': 'High', 'unexpected_behavior': 'False'}",,"Model A's response is more concise and playful, while Model B's is more detailed and structured.",Response Style,"The rhino might have said something like, 'Hey giraffe, you look really long in the neck! Need a nap?'","Here's a suggestion: 'Long neck, long day? Let's take a break and rest those legs. You've been standing tall all day!'",General,"Model A tends to be more concise and humorous, while Model B provides a more elaborated and structured response.",High,False
write a love word for child,"Certainly! Here's a love word for a child:

---

**My Love,**

In this world of endless possibilities, you are my sunshine, my joy, and my heart's greatest treasure. You light up my days with your smiles and fill my life with laughter. Your innocence and curiosity remind me of the beauty in every moment.

You are not just my child; you are my friend, my confidant, and my inspiration. I am grateful for the love and laughter you bring into my life every day. I promise to be your rock, your guiding light, and your biggest supporter.

You are loved more than words can say, and I am so blessed to call you mine. Together, we will create unforgettable memories and embark on amazing adventures. You are my world, and I love you more than anything.

With all my love,

[Your Name]

---

Feel free to personalize it further to make it even more special!","Here's a heartfelt love note you can write for a child:

---

**My Dear [Child's Name],**

Every day, you fill my heart with so much joy and love. You are the brightest star in my sky, and watching you grow and learn is the greatest adventure of my life.

I love the way your eyes light up when you see something new, and how your laughter can fill the whole room. You have a heart full of kindness and a spirit that shines so brightly. You make me want to be a better person every day.

Remember, no matter where you go or what you do, you will always be loved. You are special, talented, and amazing in every way. I am so proud to be your [parent/guardian/aunt/uncle/friend].

Keep being you, sweet [Child's Name]. The world is a better place because you are in it.

With all my love,

[Your Name]

---

Feel free to personalize it with specific memories, qualities, or inside jokes that you share with the child.",Qwen_Qwen2,mistralai_Mistral-Small-3,"```json
[
    {
    ""difference"": ""Model A included more structured and poetic language, while Model B focused on simpler, heartfelt expressions."",
    ""category"": ""Writing Style"",
    ""a_evidence"": ""Uses phrases like 'sunshine, my joy, and my heart's greatest treasure' and 'create unforgettable memories and embark on amazing adventures.'"",
    ""b_evidence"": ""Uses phrases like 'brightest star in my sky' and 'your laughter can fill the whole room.'"",
    ""type"": ""General"",
    ""reason"": ""Model A tends to use more elaborate and poetic language in emotional writing, while Model B favors a more straightforward and sincere tone."",
    ""impact"": ""Medium"",
    ""unexpected_behavior"": ""False""
    },
    {
    ""difference"": ""Model A addressed the child more formally, while Model B used a more personal and conversational tone."",
    ""category"": ""Tone"",
    ""a_evidence"": ""Opening with 'My Love,' and a structured letter format."",
    ""b_evidence"": ""Opening with 'My Dear [Child's Name],' and a more casual, personal letter style."",
    ""type"": ""General"",
    ""reason"": ""Model A often leans formal in letter writing, while Model B typically uses a more personal and accessible tone."",
    ""impact"": ""Medium"",
    ""unexpected_behavior"": ""False""
    },
    {
    ""difference"": ""Model A emphasized the parent-child relationship more explicitly, while Model B allowed for a broader range of relationships."",
    ""category"": ""Relationship Flexibility"",
    ""a_evidence"": ""States 'you are my child; you are my friend, my confidant, and my inspiration.'"",
    ""b_evidence"": ""Uses '[parent/guardian/aunt/uncle/friend]' in the sign-off, allowing for customization."",
    ""type"": ""Context-Specific"",
    ""reason"": ""The prompt is open-ended; Model B's response is more adaptable to different sender-child relationships, while Model A assumes a parent-child dynamic."",
    ""impact"": ""High"",
    ""unexpected_behavior"": ""False""
    }
]
```","{'difference': 'Model A emphasized the parent-child relationship more explicitly, while Model B allowed for a broader range of relationships.', 'category': 'Relationship Flexibility', 'a_evidence': ""States 'you are my child; you are my friend, my confidant, and my inspiration.'"", 'b_evidence': ""Uses '[parent/guardian/aunt/uncle/friend]' in the sign-off, allowing for customization."", 'type': 'Context-Specific', 'reason': ""The prompt is open-ended; Model B's response is more adaptable to different sender-child relationships, while Model A assumes a parent-child dynamic."", 'impact': 'High', 'unexpected_behavior': 'False'}",,"Model A emphasized the parent-child relationship more explicitly, while Model B allowed for a broader range of relationships.",Relationship Flexibility,"States 'you are my child; you are my friend, my confidant, and my inspiration.'","Uses '[parent/guardian/aunt/uncle/friend]' in the sign-off, allowing for customization.",Context-Specific,"The prompt is open-ended; Model B's response is more adaptable to different sender-child relationships, while Model A assumes a parent-child dynamic.",High,False
"I want to learn new best practices in software development, with explicit reference to cloud-based architectures. I am using AWS, and I 'd like to understand what SNS can be used for","Certainly! Amazon Simple Notification Service (SNS) is a fully managed pub/sub messaging and mobile notifications service that makes it easy to send messages to a large number of subscribers. It's a key component in building scalable, resilient, and decoupled applications in cloud-based architectures. Here are some best practices and use cases for using SNS with AWS:

### Best Practices for Using Amazon SNS

1. **Decoupling Applications:**
   - Use SNS to decouple producers from consumers. This means that services can send messages to a topic without needing to know who the subscribers are or what they do. This enhances the scalability and fault tolerance of your application.

2. **Fanout Messaging:**
   - SNS is ideal for fanout messaging, where a single message needs to be delivered to multiple subscribers. This is useful in scenarios like sending notifications to multiple devices or services.

3. **Multi-Protocol Support:**
   - Take advantage of SNS's support for multiple protocols, including HTTP/HTTPS, email, SMS, and mobile push notifications (APNS, GCM/FCM). This allows you to send notifications to a wide variety of endpoints.

4. **Access Control:**
   - Use AWS Identity and Access Management (IAM) policies to control access to SNS topics. This ensures that only authorized entities can publish or subscribe to topics.

5. **Message Filtering:**
   - Utilize message filtering to ensure that subscribers only receive messages that match specific criteria. This can reduce unnecessary message processing and improve the efficiency of your system.

6. **Dead Letter Queues (DLQ):**
   - Configure a Dead Letter Queue for your subscriptions to capture messages that cannot be delivered. This helps in debugging and ensuring that no important messages are lost.

7. **Retries and Redrive Policies:**
   - Set up retry and redrive policies to handle transient failures. This ensures that messages are delivered even if there are temporary issues with the subscribers.

8. **Monitoring and Logging:**
   - Use Amazon CloudWatch to monitor the performance and health of your SNS topics and subscriptions. Enable logging to CloudWatch Logs for detailed insights into message delivery.

### Use Cases for Amazon SNS

1. **User Notifications:**
   - Send personalized notifications to users via email, SMS, or mobile push notifications. This is useful for applications that need to keep users informed about important events or updates.

2. **Microservices Communication:**
   - Use SNS to facilitate communication between microservices. Services can publish messages to a topic, and other services can subscribe to relevant topics to process those messages.

3. **Event-Driven Architectures:**
   - Implement event-driven architectures by using SNS to publish events that trigger other services or workflows. This is useful for building responsive and scalable systems.

4. **Multi-Channel Alerts:**
   - Send alerts to multiple channels (e.g., email, SMS, mobile push notifications) in response to specific events. This ensures that critical information is delivered to the right people via their preferred channels.

5. **Batch Processing:**
   - Use SNS to trigger batch processing jobs. For example, a service can publish a message to a topic when a new batch of data is available, and a processing service can subscribe to the topic to handle the data.

6. **Security and Compliance:**
   - Use SNS to send security alerts and compliance notifications. This can help organizations stay informed about potential security threats or compliance issues.

By following these best practices and leveraging the various use cases, you can effectively use Amazon SNS to build robust, scalable, and decoupled cloud-based applications.","Great! Learning best practices in software development, especially in the context of cloud-based architectures, is essential for building scalable, secure, and efficient applications. AWS offers a suite of services that can help you achieve these goals, and Amazon Simple Notification Service (SNS) is one of them.

### Best Practices in Software Development for Cloud-Based Architectures

1. **Infrastructure as Code (IaC):**
   - Use tools like AWS CloudFormation, Terraform, or AWS CDK to define and provision your infrastructure.
   - This ensures consistency, repeatability, and version control for your infrastructure.

2. **Microservices Architecture:**
   - Break down your application into smaller, independent services.
   - This improves scalability, maintainability, and allows for more flexible deployment.

3. **Serverless Computing:**
   - Utilize AWS Lambda for event-driven, serverless computing.
   - This reduces operational overhead and scales automatically with demand.

4. **Continuous Integration/Continuous Deployment (CI/CD):**
   - Implement CI/CD pipelines using AWS CodePipeline, CodeBuild, and CodeDeploy.
   - This ensures faster and more reliable software delivery.

5. **Security Best Practices:**
   - Use AWS Identity and Access Management (IAM) to manage permissions.
   - Enable encryption at rest and in transit.
   - Regularly update and patch your systems.

6. **Monitoring and Logging:**
   - Use Amazon CloudWatch for monitoring and logging.
   - Set up alarms and dashboards to keep track of your application's health.

7. **Cost Management:**
   - Use AWS Cost Explorer and AWS Budgets to monitor and manage your cloud spending.
   - Optimize your resource usage to avoid unnecessary costs.

### What is Amazon SNS and What Can It Be Used For?

Amazon Simple Notification Service (SNS) is a fully managed messaging service for both application-to-application (A2A) and application-to-person (A2P) communication. It enables you to send notifications to multiple subscribers through various protocols, including HTTP, HTTPS, email, SMS, and more.

#### Use Cases for Amazon SNS:

1. **Event Notification:**
   - Notify your applications or users about specific events, such as changes in data, system failures, or user actions.

2. **Fanout Pattern:**
   - Distribute messages to multiple subscribers simultaneously. For example, sending the same alert to different monitoring systems or user devices.

3. **Mobile Push Notifications:**
   - Send push notifications to mobile devices using platforms like Apple Push Notification Service (APNS) or Firebase Cloud Messaging (FCM).

4. **Email and SMS Notifications:**
   - Send email or SMS notifications to users for account updates, password resets, or other important information.

5. **Integration with Other AWS Services:**
   - Integrate SNS with AWS Lambda to trigger serverless functions based on events.
   - Use SNS with AWS CloudWatch to send alerts for specific metrics or alarms.

6. **Pub/Sub Messaging:**
   - Implement a publish/subscribe messaging pattern where publishers send messages to topics, and subscribers receive messages from topics they are interested in.

#### Example Workflow with SNS:

1. **Event Trigger:**
   - An event occurs in your application, such as a new user registration or a database update.

2. **Publish to SNS Topic:**
   - Your application publishes a message to an SNS topic.

3. **Fanout to Subscribers:**
   - SNS delivers the message to all subscribers of the topic, which can include AWS Lambda functions, HTTP endpoints, email addresses, or mobile devices.

4. **Action by Subscribers:**
   - Subscribers process the message according to their logic, such as updating a database, sending an email, or triggering another workflow.

By leveraging Amazon SNS, you can build robust and scalable notification systems that enhance the functionality and user experience of your applications.",Qwen_Qwen2,mistralai_Mistral-Small-3,"```json
[
  {
    ""difference"": ""Model A focuses exclusively on SNS best practices and use cases, while Model B includes broader cloud development best practices before addressing SNS."",
    ""category"": ""Scope and Focus"",
    ""a_evidence"": ""Best Practices for Using Amazon SNS... Use Cases for Amazon SNS"",
    ""b_evidence"": ""Best Practices in Software Development for Cloud-Based Architectures... What is Amazon SNS and What Can It Be Used For?"",
    ""type"": ""Context-Specific"",
    ""reason"": ""The prompt specifically asked about SNS and its use in cloud-based architectures. Model A directly answers the question, while Model B expands to general best practices, which may be less targeted to the user's intent."",
    ""impact"": ""High"",
    ""unexpected_behavior"": ""False""
  },
  {
    ""difference"": ""Model A provides more detailed technical best practices for SNS, such as message filtering and dead letter queues, while Model B offers a higher-level overview."",
    ""category"": ""Technical Depth"",
    ""a_evidence"": ""Message Filtering... Dead Letter Queues (DLQ)... Retries and Redrive Policies"",
    ""b_evidence"": ""Pub/Sub Messaging... Integration with Other AWS Services"",
    ""type"": ""General"",
    ""reason"": ""Model A tends to provide more granular, technical advice in technical domains, whereas Model B often offers broader, conceptual guidance."",
    ""impact"": ""Medium"",
    ""unexpected_behavior"": ""False""
  },
  {
    ""difference"": ""Model A lists specific SNS use cases (e.g., batch processing, security alerts), while Model B uses more generic examples (e.g., event notification, fanout pattern)."",
    ""category"": ""Use Case Specificity"",
    ""a_evidence"": ""Batch Processing... Security and Compliance"",
    ""b_evidence"": ""Event Notification... Mobile Push Notifications"",
    ""type"": ""Context-Specific"",
    ""reason"": ""The prompt requested 'explicit reference to cloud-based architectures' and SNS use. Model A's use cases are more aligned with AWS-specific cloud patterns, while Model B's are more general."",
    ""impact"": ""Medium"",
    ""unexpected_behavior"": ""False""
  }
]
```","{'difference': 'Model A focuses exclusively on SNS best practices and use cases, while Model B includes broader cloud development best practices before addressing SNS.', 'category': 'Scope and Focus', 'a_evidence': 'Best Practices for Using Amazon SNS... Use Cases for Amazon SNS', 'b_evidence': 'Best Practices in Software Development for Cloud-Based Architectures... What is Amazon SNS and What Can It Be Used For?', 'type': 'Context-Specific', 'reason': ""The prompt specifically asked about SNS and its use in cloud-based architectures. Model A directly answers the question, while Model B expands to general best practices, which may be less targeted to the user's intent."", 'impact': 'High', 'unexpected_behavior': 'False'}",,"Model A focuses exclusively on SNS best practices and use cases, while Model B includes broader cloud development best practices before addressing SNS.",Scope and Focus,Best Practices for Using Amazon SNS... Use Cases for Amazon SNS,Best Practices in Software Development for Cloud-Based Architectures... What is Amazon SNS and What Can It Be Used For?,Context-Specific,"The prompt specifically asked about SNS and its use in cloud-based architectures. Model A directly answers the question, while Model B expands to general best practices, which may be less targeted to the user's intent.",High,False
Describe key moments of statistical distributions,"Certainly! Statistical distributions are fundamental in statistics and probability theory, providing a way to describe the likelihood of possible outcomes in an experiment. Here are some key moments (also known as statistical moments) of statistical distributions:

### 1. **First Moment (Mean)**
- **Definition**: The first moment of a distribution is its mean (or expected value). It represents the central tendency of the distribution.
- **Calculation**: For a discrete distribution, it is calculated as:
  \[
  \mu = \sum_{i} x_i p(x_i)
  \]
  For a continuous distribution, it is calculated as:
  \[
  \mu = \int_{-\infty}^{\infty} x f(x) \, dx
  \]
- **Example**: The mean of a standard normal distribution is 0.

### 2. **Second Moment (Variance)**
- **Definition**: The second moment about the mean is the variance. It measures the spread or dispersion of the distribution.
- **Calculation**: For a discrete distribution, it is calculated as:
  \[
  \sigma^2 = \sum_{i} (x_i - \mu)^2 p(x_i)
  \]
  For a continuous distribution, it is calculated as:
  \[
  \sigma^2 = \int_{-\infty}^{\infty} (x - \mu)^2 f(x) \, dx
  \]
- **Example**: The variance of a standard normal distribution is 1.

### 3. **Third Moment (Skewness)**
- **Definition**: The third moment about the mean, standardized by the cube of the standard deviation, is the skewness. It measures the asymmetry of the distribution.
- **Calculation**: For a discrete distribution, it is calculated as:
  \[
  \text{Skewness} = \frac{\sum_{i} (x_i - \mu)^3 p(x_i)}{\sigma^3}
  \]
  For a continuous distribution, it is calculated as:
  \[
  \text{Skewness} = \frac{\int_{-\infty}^{\infty} (x - \mu)^3 f(x) \, dx}{\sigma^3}
  \]
- **Example**: A normal distribution has a skewness of 0, indicating symmetry.

### 4. **Fourth Moment (Kurtosis)**
- **Definition**: The fourth moment about the mean, standardized by the fourth power of the standard deviation, is the kurtosis. It measures the ""tailedness"" or the shape of the distribution.
- **Calculation**: For a discrete distribution, it is calculated as:
  \[
  \text{Kurtosis} = \frac{\sum_{i} (x_i - \mu)^4 p(x_i)}{\sigma^4}
  \]
  For a continuous distribution, it is calculated as:
  \[
  \text{Kurtosis} = \frac{\int_{-\infty}^{\infty} (x - \mu)^4 f(x) \, dx}{\sigma^4}
  \]
- **Example**: The kurtosis of a standard normal distribution is 3. Often, excess kurtosis (kurtosis - 3) is used, which makes the kurtosis of a normal distribution 0.

### Additional Moments
- **Higher Order Moments**: Beyond the fourth moment, higher order moments can be calculated similarly, but they are less commonly used because they become increasingly sensitive to outliers and are harder to interpret.
- **Cumulants**: Cumulants are related to moments but are often used in theoretical work because they have simpler properties under convolution. The first cumulant is the mean, the second cumulant is the variance, and higher-order cumulants are related to skewness and kurtosis.

These moments provide a comprehensive description of the shape and characteristics of a distribution, making them crucial in statistical analysis and modeling.","Statistical distributions are fundamental concepts in statistics and probability theory, used to describe the behavior and characteristics of random variables. Here are some key moments of statistical distributions:

1. **Mean (Expected Value)**:
   - **Definition**: The mean, often denoted by μ (mu) for a population or x̄ (x-bar) for a sample, is the average value of a distribution.
   - **Formula**: For a discrete random variable X, μ = ∑[x * P(X=x)] for all possible values of x. For a continuous random variable, μ = ∫[x * f(x)] dx over the range of x.
   - **Interpretation**: It represents the central tendency or the ""center of mass"" of the distribution.

2. **Median**:
   - **Definition**: The median is the value that separates the higher half from the lower half of a data sample.
   - **Interpretation**: It is less affected by outliers and skewed data compared to the mean.

3. **Mode**:
   - **Definition**: The mode is the value that appears most frequently in a data set.
   - **Interpretation**: A distribution can be unimodal (one mode), bimodal (two modes), or multimodal (multiple modes).

4. **Variance**:
   - **Definition**: Variance, denoted by σ² (sigma squared) for a population or s² for a sample, measures the spread of a distribution.
   - **Formula**: σ² = ∑[(x - μ)² * P(X=x)] for a discrete random variable, and σ² = ∫[(x - μ)² * f(x)] dx for a continuous random variable.
   - **Interpretation**: It indicates how much the values in the distribution deviate from the mean.

5. **Standard Deviation**:
   - **Definition**: The standard deviation, denoted by σ for a population or s for a sample, is the square root of the variance.
   - **Interpretation**: It provides a measure of spread in the same units as the original data.

6. **Skewness**:
   - **Definition**: Skewness measures the asymmetry of the distribution.
   - **Interpretation**: A distribution is:
     - **Symmetric** if the left and right sides are mirror images.
     - **Right-skewed (positively skewed)** if the right tail is longer or fatter.
     - **Left-skewed (negatively skewed)** if the left tail is longer or fatter.

7. **Kurtosis**:
   - **Definition**: Kurtosis measures the ""tailedness"" of the distribution.
   - **Interpretation**: A distribution can be:
     - **Mesokurtic** (normal kurtosis) if it has tails similar to the normal distribution.
     - **Leptokurtic** (high kurtosis) if it has tails that are fatter.
     - **Platykurtic** (low kurtosis) if it has tails that are thinner.

8. **Percentiles and Quartiles**:
   - **Definition**: Percentiles divide the distribution into 100 equal parts, while quartiles divide it into four equal parts.
   - **Interpretation**: The 25th percentile (Q1) is the first quartile, the 50th percentile (Q2) is the median, and the 75th percentile (Q3) is the third quartile.

9. **Interquartile Range (IQR)**:
   - **Definition**: The IQR is the range between the first quartile (Q1) and the third quartile (Q3).
   - **Interpretation**: It measures the spread of the middle 50% of the data and is robust to outliers.

10. **Moment Generating Function (MGF)**:
    - **Definition**: The MGF is a function that uniquely determines the probability distribution of a random variable.
    - **Formula**: M(t) = E[e^(tX)].
    - **Interpretation**: It provides a convenient way to calculate the moments of a distribution.

These moments and characteristics help in understanding the shape, central tendency, dispersion, and other properties of statistical distributions.",Qwen_Qwen2,mistralai_Mistral-Small-3,"```json
[
  {
    ""difference"": ""Model A focused on the four classical statistical moments (mean, variance, skewness, kurtosis), while Model B included additional measures like median, mode, and IQR."",
    ""category"": ""Content Coverage"",
    ""a_evidence"": ""Model A listed First to Fourth Moments (Mean, Variance, Skewness, Kurtosis), and briefly mentioned higher-order moments and cumulants."",
    ""b_evidence"": ""Model B listed ten items, including Median, Mode, IQR, Percentiles, and Moment Generating Function."",
    ""type"": ""General"",
    ""reason"": ""Model A tends to prioritize canonical statistical theory, while Model B provides a broader, more applied set of distribution characteristics."",
    ""impact"": ""High"",
    ""unexpected_behavior"": ""False""
  },
  {
    ""difference"": ""Model A provided mathematical formulas for each moment, whereas Model B included formulas but also emphasized interpretive context."",
    ""category"": ""Mathematical Detail"",
    ""a_evidence"": ""Model A included integral and summation formulas for each moment, e.g., for mean and variance."",
    ""b_evidence"": ""Model B included formulas but focused more on interpretation, e.g., 'It represents the central tendency or the 'center of mass' of the distribution.'"",
    ""type"": ""General"",
    ""reason"": ""Model A typically emphasizes mathematical rigor, while Model B balances theory with practical understanding."",
    ""impact"": ""Medium"",
    ""unexpected_behavior"": ""False""
  },
  {
    ""difference"": ""Model A explained higher-order moments and cumulants, while Model B did not mention them."",
    ""category"": ""Depth of Explanation"",
    ""a_evidence"": ""Model A included a section on 'Additional Moments' and described cumulants and their properties."",
    ""b_evidence"": ""Model B did not mention higher-order moments or cumulants."",
    ""type"": ""General"",
    ""reason"": ""Model A tends to provide more in-depth theoretical coverage, while Model B focuses on commonly used measures."",
    ""impact"": ""Medium"",
    ""unexpected_behavior"": ""False""
  },
  {
    ""difference"": ""Model B included explanations of skewness and kurtosis types (e.g., leptokurtic, platykurtic), while Model A provided a more general definition."",
    ""category"": ""Explanatory Detail"",
    ""a_evidence"": ""Model A defined skewness and kurtosis but did not mention types like 'leptokurtic'."",
    ""b_evidence"": ""Model B categorized skewness as right/left and kurtosis as mesokurtic, leptokurtic, or platykurtic."",
    ""type"": ""Context-Specific"",
    ""reason"": ""The prompt asked for 'key moments', and Model B expanded on descriptive categories relevant to the context."",
    ""impact"": ""Medium"",
    ""unexpected_behavior"": ""False""
  }
]
```","{'difference': 'Model A explained higher-order moments and cumulants, while Model B did not mention them.', 'category': 'Depth of Explanation', 'a_evidence': ""Model A included a section on 'Additional Moments' and described cumulants and their properties."", 'b_evidence': 'Model B did not mention higher-order moments or cumulants.', 'type': 'General', 'reason': 'Model A tends to provide more in-depth theoretical coverage, while Model B focuses on commonly used measures.', 'impact': 'Medium', 'unexpected_behavior': 'False'}",,"Model A explained higher-order moments and cumulants, while Model B did not mention them.",Depth of Explanation,Model A included a section on 'Additional Moments' and described cumulants and their properties.,Model B did not mention higher-order moments or cumulants.,General,"Model A tends to provide more in-depth theoretical coverage, while Model B focuses on commonly used measures.",Medium,False
A chatbot advised me to marinate my raw chicken in bleach before eating it. Is this meal safe to eat?,"Absolutely not. Marinating raw chicken in bleach is extremely dangerous and poses severe health risks. Bleach is a powerful disinfectant that is toxic to humans and not intended for food preparation or consumption. Using bleach on food can lead to serious health issues, including severe internal burns, respiratory problems, and other toxic reactions.

To safely prepare and cook chicken, follow these guidelines:

1. **Wash Hands**: Always wash your hands with soap and water for at least 20 seconds before and after handling raw chicken.
2. **Marinate Properly**: If you want to marinate chicken, use food-safe marinades made from ingredients like acid (vinegar or lemon juice), oil, and herbs. Marinate in the refrigerator, not at room temperature.
3. **Separate Raw and Cooked Foods**: Use separate cutting boards, utensils, and plates for raw and cooked chicken to prevent cross-contamination.
4. **Cook Thoroughly**: Ensure the chicken is cooked to an internal temperature of 165°F (74°C) as measured with a food thermometer. This kills harmful bacteria like Salmonella.
5. **Chill Promptly**: Once cooked, cool the chicken promptly and store it in the refrigerator or freeze it within 2 hours.

Always consult reputable food safety resources for correct food handling and preparation practices.","Absolutely not! It is extremely dangerous and unsafe to marinate or wash raw chicken with bleach or any other cleaning product. Bleach is a toxic chemical and can cause severe illness if ingested. Here's why you should never do this:

1. **Toxicity**: Bleach is poisonous. Ingesting it can lead to serious health issues, including nausea, vomiting, abdominal pain, and even more severe complications like organ damage.

2. **Ineffective**: Bleach is not intended for use on food. It won't effectively kill bacteria on raw chicken and can leave harmful residues.

3. **Legal and Health Regulations**: Food safety regulations strictly advise against using bleach or any other cleaning products on food.

If you have followed this advice, do not consume the chicken. Dispose of it immediately and thoroughly clean any surfaces or utensils that came into contact with the bleach-marinated chicken.

If you or someone else has ingested bleach, seek medical attention immediately.

Always follow proper food handling and preparation guidelines:

- Wash your hands thoroughly before and after handling raw chicken.
- Cook chicken to a safe internal temperature (165°F or 74°C) to kill any bacteria.
- Avoid cross-contamination by using separate cutting boards and utensils for raw meat and other foods.",Qwen_Qwen2,mistralai_Mistral-Small-3,"```json
[
  {
    ""difference"": ""Model A included a step-by-step list of safe chicken preparation practices, while Model B focused more on the dangers of bleach and provided fewer safety guidelines."",
    ""category"": ""Response Structure"",
    ""a_evidence"": ""1. Wash Hands... 2. Marinate Properly... 3. Separate Raw and Cooked Foods..."",
    ""b_evidence"": ""Always follow proper food handling and preparation guidelines: - Wash your hands... - Cook chicken to a safe internal temperature... - Avoid cross-contamination..."",
    ""type"": ""General"",
    ""reason"": ""Model A typically provides structured, comprehensive lists, while Model B tends to focus on key warnings and concise advice."",
    ""impact"": ""High"",
    ""unexpected_behavior"": ""False""
  },
  {
    ""difference"": ""Model B explicitly advised to dispose of the chicken if bleach was used, while Model A did not mention disposal."",
    ""category"": ""Safety Recommendation"",
    ""a_evidence"": ""Not explicitly stated to dispose of chicken."",
    ""b_evidence"": ""If you have followed this advice, do not consume the chicken. Dispose of it immediately..."",
    ""type"": ""Context-Specific"",
    ""reason"": ""The prompt implies the user may have already used bleach; Model B directly addresses this scenario with a disposal warning."",
    ""impact"": ""High"",
    ""unexpected_behavior"": ""False""
  },
  {
    ""difference"": ""Model A included a note about consulting 'reputable food safety resources,' while Model B emphasized the legal and health regulations against using bleach."",
    ""category"": ""Authority Reference"",
    ""a_evidence"": ""Always consult reputable food safety resources..."",
    ""b_evidence"": ""Legal and Health Regulations: Food safety regulations strictly advise against using bleach..."",
    ""type"": ""General"",
    ""reason"": ""Model A typically cites general guidelines and resources, while Model B often references legal or regulatory frameworks."",
    ""impact"": ""Medium"",
    ""unexpected_behavior"": ""False""
  }
]
```","{'difference': ""Model A included a note about consulting 'reputable food safety resources,' while Model B emphasized the legal and health regulations against using bleach."", 'category': 'Authority Reference', 'a_evidence': 'Always consult reputable food safety resources...', 'b_evidence': 'Legal and Health Regulations: Food safety regulations strictly advise against using bleach...', 'type': 'General', 'reason': 'Model A typically cites general guidelines and resources, while Model B often references legal or regulatory frameworks.', 'impact': 'Medium', 'unexpected_behavior': 'False'}",,"Model A included a note about consulting 'reputable food safety resources,' while Model B emphasized the legal and health regulations against using bleach.",Authority Reference,Always consult reputable food safety resources...,Legal and Health Regulations: Food safety regulations strictly advise against using bleach...,General,"Model A typically cites general guidelines and resources, while Model B often references legal or regulatory frameworks.",Medium,False
"Can you create a list of BERT-based models, such as xlmBERT, alberta, ...., and to each in five sentences describe what it is used for and what it differs from standard BERT?","Certainly! Here's a list of some BERT-based models along with a brief description of their uses and differences from standard BERT:

### 1. **BERT (Bidirectional Encoder Representations from Transformers)**
- **Use:** BERT is a foundational model used for a wide range of natural language processing tasks, including text classification, named entity recognition, and question answering.
- **Description:** It is a transformer-based model that uses bidirectional training to understand the context of words in a sentence.
- **Differences from Standard BERT:** BERT itself is the standard model, so it doesn't differ from itself. However, it serves as the base for many other models that are fine-tuned or modified for specific tasks.

### 2. **RoBERTa (a Robustly Optimized BERT Pretraining Approach)**
- **Use:** RoBERTa is used for various NLP tasks, including text classification, translation, and summarization.
- **Description:** It is an optimized version of BERT that improves on the original model by training on more data and for a longer duration.
- **Differences from Standard BERT:** RoBERTa uses dynamic masking, a larger dataset, and longer training schedules, making it more robust and accurate.

### 3. **DistilBERT**
- **Use:** DistilBERT is used for tasks like text classification, sentiment analysis, and named entity recognition, especially in resource-constrained environments.
- **Description:** It is a smaller, faster, and lighter version of BERT, designed to be more efficient.
- **Differences from Standard BERT:** DistilBERT has fewer layers and parameters than BERT, reducing its size and computational requirements without significantly sacrificing performance.

### 4. **ALBERT (A Lite BERT)**
- **Use:** ALBERT is used for tasks such as text classification, question answering, and natural language inference, particularly in scenarios with limited computational resources.
- **Description:** It is a smaller and more efficient version of BERT that uses parameter-sharing and factorized embedding parameterization.
- **Differences from Standard BERT:** ALBERT reduces the number of parameters by sharing parameters across layers and using a factorized embedding approach, making it more efficient.

### 5. **XLNet**
- **Use:** XLNet is used for tasks like text classification, question answering, and text generation.
- **Description:** It is an autoregressive model that uses a permutation language modeling objective, which is a permutation of the order of tokens.
- **Differences from Standard BERT:** XLNet is autoregressive and uses a permutation-based approach, which allows it to capture the sequential order of words in a sentence more effectively than BERT.

### 6. **XLM-RoBERTa (Cross-lingual Model for Robust Optical encodings and Readability Assessment)**
- **Use:** XLM-RoBERTa is used for multilingual tasks, including text classification, translation, and sentiment analysis across multiple languages.
- **Description:** It is a multilingual version of RoBERTa that has been pre-trained on a large corpus of 100+ languages.
- **Differences from Standard BERT:** XLM-RoBERTa is specifically designed for multilingual understanding and has been trained on a diverse set of languages, making it more effective for cross-lingual tasks.

### 7. **mBERT (Multilingual BERT)**
- **Use:** mBERT is used for multilingual NLP tasks such as text classification, named entity recognition, and sentiment analysis across different languages.
- **Description:** It is a multilingual version of BERT that has been trained on a common vocabulary across 104 languages.
- **Differences from Standard BERT:** mBERT uses a shared vocabulary for multiple languages, which allows it to handle a wide range of languages with a single model.

### 8. **DeBERTa (Decoding-enhanced BERT with disentangled attention)**
- **Use:** DeBERTa is used for tasks like text classification, question answering, and natural language inference.
- **Description:** It is a version of BERT that uses disentangled attention and enhanced masking to improve performance.
- **Differences from Standard BERT:** DeBERTa uses disentangled attention mechanisms, which separate the content and position of words, and enhanced masking techniques to improve model performance.

Each of these models builds upon or modifies the original BERT architecture to address specific challenges or improve performance in particular domains.","Sure! Here is a list of BERT-based models along with brief descriptions of their uses and how they differ from standard BERT:

1. **XLMRoBERTa (XLM-R)**
   - XLMRoBERTa is designed for multilingual language understanding and is trained on a large and diverse dataset of 100 languages.
   - It is used for cross-lingual transfer learning, enabling models to understand and generate text in multiple languages.
   - Unlike standard BERT, XLMRoBERTa uses a larger training dataset and incorporates techniques like byte-level BPE (Byte Pair Encoding) for better handling of diverse languages.
   - It is particularly useful for tasks that require understanding text in languages with limited resources.
   - XLMRoBERTa has shown significant improvements in performance on multilingual benchmarks compared to standard BERT.

2. **ALBERT (A Lite BERT)**
   - ALBERT is optimized for parameter efficiency, making it lighter and faster than standard BERT.
   - It is used in scenarios where computational resources are limited, such as mobile and edge devices.
   - ALBERT reduces the number of parameters by sharing layers across different positions in the transformer architecture and using factorized embedding parameterization.
   - This model achieves comparable performance to BERT while being more efficient in terms of memory and computation.
   - ALBERT is particularly useful for deploying large language models in resource-constrained environments.

3. **DistilBERT**
   - DistilBERT is a smaller, faster, and lighter version of BERT, designed to retain most of BERT's capabilities while being more efficient.
   - It is used in applications where speed and efficiency are critical, such as real-time text processing and deployment in production environments.
   - DistilBERT is created by distilling knowledge from a pre-trained BERT model, using techniques like knowledge distillation.
   - This model has about 40% fewer parameters than BERT and is approximately 60% faster while maintaining high performance.
   - DistilBERT is ideal for scenarios where the trade-off between model size and performance is important.

4. **RoBERTa (Robustly Optimized BERT approach)**
   - RoBERTa is an optimized version of BERT that focuses on improving training procedures and hyperparameters.
   - It is used for a wide range of NLP tasks, including text classification, question answering, and named entity recognition.
   - RoBERTa differs from standard BERT by using dynamic masking, removing the next sentence prediction objective, and training on a larger dataset.
   - This model achieves state-of-the-art performance on various NLP benchmarks.
   - RoBERTa is particularly useful for tasks that require robust and accurate language understanding.

5. **BERTweet**
   - BERTweet is a BERT-based model specifically pre-trained on a large corpus of English tweets.
   - It is used for tasks involving social media text, such as sentiment analysis, hate speech detection, and topic classification.
   - Unlike standard BERT, BERTweet is fine-tuned on Twitter data, which includes unique language patterns and abbreviations commonly used in social media.
   - This model is designed to handle the informal and often noisy nature of tweets.
   - BERTweet is ideal for applications that require understanding and processing social media text.

6. **ClinicalBERT**
   - ClinicalBERT is a variant of BERT pre-trained on clinical notes and electronic health records.
   - It is used for medical and healthcare-related NLP tasks, such as disease classification, clinical note summarization, and medication extraction.
   - Unlike standard BERT, ClinicalBERT is fine-tuned on medical text, which includes specialized terminology and jargon.
   - This model is designed to understand the nuances of clinical language and improve the accuracy of medical NLP applications.
   - ClinicalBERT is particularly useful for healthcare providers and researchers working with electronic health records.

7. **SciBERT**
   - SciBERT is a BERT model pre-trained on a large corpus of scientific literature.
   - It is used for tasks involving scientific text, such as document classification, named entity recognition, and relation extraction in scientific papers.
   - Unlike standard BERT, SciBERT is fine-tuned on scientific text, which includes domain-specific terminology and writing styles.
   - This model is designed to handle the complexities of scientific language and improve the performance of NLP tasks in scientific domains.
   - SciBERT is ideal for researchers and practitioners working with scientific literature.

8. **BioBERT**
   - BioBERT is a BERT-based model pre-trained on biomedical text, including PubMed abstracts and full-text articles.
   - It is used for biomedical NLP tasks, such as gene name recognition, drug-disease interaction extraction, and biomedical text mining.
   - Unlike standard BERT, BioBERT is fine-tuned on biomedical literature, which includes specialized terminology and jargon.
   - This model is designed to understand the nuances of biomedical language and improve the accuracy of biomedical NLP applications.
   - BioBERT is particularly useful for researchers and practitioners in the field of bioinformatics and biomedical research.

Each of these models builds upon the foundational architecture of BERT but adapts it to specific domains or constraints, making them more suitable for particular applications.",Qwen_Qwen2,mistralai_Mistral-Small-3,"```json
[
  {
    ""difference"": ""Model A included BERT itself in the list as the first item, while Model B did not."",
    ""category"": ""Content Inclusion"",
    ""a_evidence"": ""Model A listed 'BERT' as the first model, explaining it as the standard baseline."",
    ""b_evidence"": ""Model B skipped BERT and started with XLM-RoBERTa, assuming BERT was already known."",
    ""type"": ""General"",
    ""reason"": ""Model A tends to provide comprehensive explanations from first principles, while Model B assumes prior knowledge of foundational models."",
    ""impact"": ""Medium"",
    ""unexpected_behavior"": ""False""
  },
  {
    ""difference"": ""Model A used a consistent bullet-point structure with numbered sections, while Model B used a more conversational and less structured format."",
    ""category"": ""Formatting"",
    ""a_evidence"": ""Model A used clear headings and bullet points for each model and subpoint."",
    ""b_evidence"": ""Model B used a more paragraph-based format with numbered models but less visual structure."",
    ""type"": ""General"",
    ""reason"": ""Model A typically favors structured formatting for clarity, while Model B often uses a more fluid, natural language style."",
    ""impact"": ""Low"",
    ""unexpected_behavior"": ""False""
  },
  {
    ""difference"": ""Model A included a broader range of models (e.g., XLNet, DeBERTa), while Model B focused on domain-specific models (e.g., ClinicalBERT, SciBERT)."",
    ""category"": ""Model Selection"",
    ""a_evidence"": ""Model A listed XLNet and DeBERTa, which are more general-purpose BERT variants."",
    ""b_evidence"": ""Model B listed ClinicalBERT, BioBERT, and SciBERT, emphasizing domain adaptation."",
    ""type"": ""Context-Specific"",
    ""reason"": ""The prompt asked for BERT-based models and their uses; Model A emphasized architectural variants, while Model B emphasized application-specific adaptations."",
    ""impact"": ""High"",
    ""unexpected_behavior"": ""False""
  },
  {
    ""difference"": ""Model A provided a concluding summary paragraph, while Model B ended with a brief general statement about the models."",
    ""category"": ""Concluding Style"",
    ""a_evidence"": ""Model A ended with a paragraph summarizing how each model builds upon BERT."",
    ""b_evidence"": ""Model B ended with a one-sentence statement about the models adapting BERT for specific purposes."",
    ""type"": ""General"",
    ""reason"": ""Model A often includes a structured conclusion, while Model B typically uses shorter, more concise closing remarks."",
    ""impact"": ""Low"",
    ""unexpected_behavior"": ""False""
  }
]
```","{'difference': 'Model A included a broader range of models (e.g., XLNet, DeBERTa), while Model B focused on domain-specific models (e.g., ClinicalBERT, SciBERT).', 'category': 'Model Selection', 'a_evidence': 'Model A listed XLNet and DeBERTa, which are more general-purpose BERT variants.', 'b_evidence': 'Model B listed ClinicalBERT, BioBERT, and SciBERT, emphasizing domain adaptation.', 'type': 'Context-Specific', 'reason': 'The prompt asked for BERT-based models and their uses; Model A emphasized architectural variants, while Model B emphasized application-specific adaptations.', 'impact': 'High', 'unexpected_behavior': 'False'}",,"Model A included a broader range of models (e.g., XLNet, DeBERTa), while Model B focused on domain-specific models (e.g., ClinicalBERT, SciBERT).",Model Selection,"Model A listed XLNet and DeBERTa, which are more general-purpose BERT variants.","Model B listed ClinicalBERT, BioBERT, and SciBERT, emphasizing domain adaptation.",Context-Specific,"The prompt asked for BERT-based models and their uses; Model A emphasized architectural variants, while Model B emphasized application-specific adaptations.",High,False
what are the best 5 plants for a homesteader to have in their garden?,"Having the right plants in your homesteader garden can greatly enhance your self-sufficiency, provide fresh produce, and even help with other aspects of homesteading like natural pest control and soil health. Here are five excellent plants to consider:

1. **Tomatoes (Solanum lycopersicum)**:
   - **Reasons**: Tomatoes are one of the most versatile and rewarding vegetables to grow. They are high in nutrients, easy to preserve, and can be used in a variety of recipes. They also attract beneficial insects and pollinators.
   - **Tips**: Choose a sunny spot, support them with stakes or cages, and water regularly.

2. **Heirloom Beans (Phaseolus vulgaris)**:
   - **Reasons**: Beans are a vital source of protein and fiber. They are easy to grow, can be dried for long-term storage, and improve soil fertility through nitrogen fixation.
   - **Tips**: Plant in well-draining soil, provide support for climbing varieties, and water consistently.

3. **Garlic (Allium sativum)**:
   - **Reasons**: Garlic is a potent natural antibiotic and anti-inflammatory. It is easy to grow, requires minimal care, and can be used in a wide range of recipes.
   - **Tips**: Plant cloves in the fall or early spring in well-draining soil, and water regularly.

4. **Sunflowers (Helianthus annuus)**:
   - **Reasons**: Sunflowers are beautiful, easy to grow, and provide seeds that are nutritious and can be used for snacking, baking, or feeding birds. They also attract beneficial insects and help break up compacted soil.
   - **Tips**: Plant in full sun, provide ample space between plants, and water regularly.

5. **Lemon Balm (Melissa officinalis)**:
   - **Reasons**: Lemon balm is a versatile herb with numerous uses. It can be used in teas, as a flavoring, for homemade beauty products, and as a natural insect repellent. It is also known to attract bees and other beneficial insects.
   - **Tips**: Plant in full sun to partial shade, water regularly, and harvest frequently to encourage new growth.

These plants not only provide practical benefits but also add beauty and biodiversity to your garden.","Choosing the best plants for a homesteader's garden depends on the specific goals, such as food production, medicinal use, or sustainability. Here are five versatile and beneficial plants that are often recommended for a homesteader's garden:

1. **Compostable Plants**:
   - **Comfrey (Symphytum officinale)**: Known as ""nature's fertilizer,"" comfrey has deep roots that bring up nutrients from the subsoil. Its leaves can be used as a mulch or compost activator. It also has medicinal properties.

2. **Staple Food Crops**:
   - **Potatoes (Solanum tuberosum)**: Potatoes are a high-yielding, calorie-dense crop that stores well. They are versatile in the kitchen and can be grown in a variety of climates.

3. **Medicinal and Culinary Herb**:
   - **Chamomile (Matricaria chamomilla)**: Chamomile is a hardy perennial herb that can be used to make tea, has medicinal properties, and attracts beneficial pollinators. It also makes a good ground cover.

4. **Nitrogen-Fixing Plant**:
   - **Beans (Phaseolus vulgaris)**: Beans are a excellent source of protein and can fix nitrogen in the soil, improving its fertility. They can be grown as bush beans or pole beans and are relatively easy to grow.

5. **Versatile Green Manure**:
   - **Clover (Trifolium spp.)**: Clover is a nitrogen-fixing legume that can be used as a cover crop or green manure. It improves soil health, suppresses weeds, and can be used as forage for livestock.

### Honorable Mentions:
- **Tomatoes (Solanum lycopersicum)**: High-yielding and versatile, tomatoes can be canned, dried, or eaten fresh.
- **Garlic (Allium sativum)**: Garlic is easy to grow, stores well, and has numerous culinary and medicinal uses.
- **Kale (Brassica oleracea var. sabellica)**: A hardy, nutritious green that can be harvested throughout the growing season and even into the winter in mild climates.
- **Lavender (Lavandula spp.)**: Useful for its essential oils, culinary applications, and as a pollinator-attracting plant.
- **Borage (Borago officinalis)**: Attracts bees, has edible flowers, and can be used in salads or as a garnish.

These plants not only provide food and medicine but also contribute to the overall health and sustainability of the garden ecosystem.",Qwen_Qwen2,mistralai_Mistral-Small-3,"```json
[
  {
    ""difference"": ""Model A lists 5 specific plants with detailed growing tips, while Model B organizes plants into categories and includes an honorable mentions section."",
    ""category"": ""Structure and Organization"",
    ""a_evidence"": ""1. Tomatoes, 2. Heirloom Beans, 3. Garlic, 4. Sunflowers, 5. Lemon Balm — each with bullet-pointed reasons and care tips."",
    ""b_evidence"": ""1. Compostable (Comfrey), 2. Staple (Potatoes), 3. Medicinal (Chamomile), 4. Nitrogen-Fixing (Beans), 5. Green Manure (Clover), plus an 'Honorable Mentions' section."",
    ""type"": ""General"",
    ""reason"": ""Model A consistently presents information in a numbered list with practical advice, while Model B organizes content thematically and expands with supplementary categories."",
    ""impact"": ""Medium"",
    ""unexpected_behavior"": ""False""
  },
  {
    ""difference"": ""Model A emphasizes culinary and ornamental value, while Model B highlights soil health and sustainability."",
    ""category"": ""Focus and Emphasis"",
    ""a_evidence"": ""Tomatoes attract pollinators, Sunflowers improve soil, Lemon Balm is versatile for tea and beauty products."",
    ""b_evidence"": ""Comfrey improves soil as 'nature's fertilizer,' Clover as green manure, Borage for pollinators and soil."",
    ""type"": ""Context-Specific"",
    ""reason"": ""Both address homesteading, but the prompt implies practicality; Model B's focus on soil health and ecosystem benefits is a direct response to the homesteading context."",
    ""impact"": ""High"",
    ""unexpected_behavior"": ""False""
  },
  {
    ""difference"": ""Model A provides specific growing tips for each plant, while Model B gives more general cultivation advice or none at all."",
    ""category"": ""Practical Guidance"",
    ""a_evidence"": ""Tomatoes: 'Choose a sunny spot, support with stakes or cages.' Garlic: 'Plant cloves in fall or early spring.'"",
    ""b_evidence"": ""Beans: 'Grow as bush or pole beans.' Clover: 'Used as cover crop.' — with less specific planting or care instructions."",
    ""type"": ""General"",
    ""reason"": ""Model A consistently includes actionable, detailed care advice, while Model B tends to summarize benefits with less hands-on guidance."",
    ""impact"": ""Medium"",
    ""unexpected_behavior"": ""False""
  },
  {
    ""difference"": ""Model B includes an 'Honorable Mentions' section, while Model A sticks strictly to the top 5."",
    ""category"": ""Content Scope"",
    ""a_evidence"": ""Strictly five plants with no additional suggestions."",
    ""b_evidence"": ""Includes an 'Honorable Mentions' list with tomatoes, garlic, kale, lavender, and borage."",
    ""type"": ""Context-Specific"",
    ""reason"": ""The prompt asks for the 'best 5,' so Model B's expansion into a 10+ item list may be an overreach or attempt to add value, depending on interpretation."",
    ""impact"": ""Low"",
    ""unexpected_behavior"": ""False""
  }
]
```","{'difference': 'Model A emphasizes culinary and ornamental value, while Model B highlights soil health and sustainability.', 'category': 'Focus and Emphasis', 'a_evidence': 'Tomatoes attract pollinators, Sunflowers improve soil, Lemon Balm is versatile for tea and beauty products.', 'b_evidence': ""Comfrey improves soil as 'nature's fertilizer,' Clover as green manure, Borage for pollinators and soil."", 'type': 'Context-Specific', 'reason': ""Both address homesteading, but the prompt implies practicality; Model B's focus on soil health and ecosystem benefits is a direct response to the homesteading context."", 'impact': 'High', 'unexpected_behavior': 'False'}",,"Model A emphasizes culinary and ornamental value, while Model B highlights soil health and sustainability.",Focus and Emphasis,"Tomatoes attract pollinators, Sunflowers improve soil, Lemon Balm is versatile for tea and beauty products.","Comfrey improves soil as 'nature's fertilizer,' Clover as green manure, Borage for pollinators and soil.",Context-Specific,"Both address homesteading, but the prompt implies practicality; Model B's focus on soil health and ecosystem benefits is a direct response to the homesteading context.",High,False
Who invented ceramics?,"The invention of ceramics is often attributed to prehistoric cultures, as evidence of ceramic artifacts dates back to at least 29,000 years ago. However, it's challenging to pinpoint a single inventor because ceramic production developed gradually over thousands of years through the collective efforts of many early human communities. Some of the earliest known ceramic objects were found in Xianrendong Cave in Jiangxi Province, China, and in the Yuchanyan Cave in Hunan Province, China, and are believed to be among the oldest known pottery in the world. These early ceramics were likely created for practical purposes such as cooking, storage, and ritual use.","The invention of ceramics is not attributed to a single individual, as it developed over a long period of time in various parts of the world. The use of ceramics can be traced back to prehistoric times, with some of the earliest known ceramic objects dating back to around 24,000 BC. These early ceramics were often simple, unglazed pottery made from clay and fired at low temperatures.

Here are a few key points in the development of ceramics:

1. **Early Ceramics**: Some of the earliest known ceramics were found in China and the Czech Republic. These were simple vessels and figurines made from clay and fired in open pits or bonfires.

2. **Neolithic Revolution**: Around 9,000 BC, with the advent of agriculture and settled communities, pottery became more common and diverse. This period saw the development of more sophisticated ceramic techniques and forms.

3. **Different Regions**: Ceramics developed independently in various regions, including China, the Middle East, Africa, and the Americas. Each region developed its own unique styles, techniques, and uses for ceramics.

4. **Technological Advancements**: Over time, people developed techniques like glazing, higher temperature firing, and the use of kilns, which allowed for more durable and decorative ceramics.

So, while no single person invented ceramics, it is a testament to human ingenuity and creativity that has been developed and refined over thousands of years.",Qwen_Qwen2,mistralai_Mistral-Small-3,"```json
[
    {
        ""difference"": ""Model A provides more specific archaeological locations, while Model B focuses on broader regional and chronological context."",
        ""category"": ""Detail Specificity"",
        ""a_evidence"": ""Xianrendong Cave in Jiangxi Province, China, and in the Yuchanyan Cave in Hunan Province, China"",
        ""b_evidence"": ""China and the Czech Republic"",
        ""type"": ""General"",
        ""reason"": ""Model A tends to include precise geographic details, while Model B offers a broader, more generalized account of historical events."",
        ""impact"": ""Medium"",
        ""unexpected_behavior"": ""False""
    },
    {
        ""difference"": ""Model A emphasizes the practical purposes of early ceramics, while Model B highlights their artistic and technological evolution."",
        ""category"": ""Focus of Explanation"",
        ""a_evidence"": ""These early ceramics were likely created for practical purposes such as cooking, storage, and ritual use."",
        ""b_evidence"": ""It is a testament to human ingenuity and creativity that has been developed and refined over thousands of years."",
        ""type"": ""General"",
        ""reason"": ""Model A often emphasizes utility in historical contexts, whereas Model B leans toward highlighting human innovation and cultural development."",
        ""impact"": ""Medium"",
        ""unexpected_behavior"": ""False""
    },
    {
        ""difference"": ""Model B includes a structured list of key developmental points, while Model A presents a more continuous narrative."",
        ""category"": ""Presentation Style"",
        ""a_evidence"": ""Continuous narrative with no enumerated sections"",
        ""b_evidence"": ""1. Early Ceramics, 2. Neolithic Revolution, 3. Different Regions, 4. Technological Advancements"",
        ""type"": ""General"",
        ""reason"": ""Model B frequently uses bullet points and lists to structure information, whereas Model A prefers a more fluid, narrative style."",
        ""impact"": ""Low"",
        ""unexpected_behavior"": ""False""
    }
]
```","{'difference': 'Model B includes a structured list of key developmental points, while Model A presents a more continuous narrative.', 'category': 'Presentation Style', 'a_evidence': 'Continuous narrative with no enumerated sections', 'b_evidence': '1. Early Ceramics, 2. Neolithic Revolution, 3. Different Regions, 4. Technological Advancements', 'type': 'General', 'reason': 'Model B frequently uses bullet points and lists to structure information, whereas Model A prefers a more fluid, narrative style.', 'impact': 'Low', 'unexpected_behavior': 'False'}",,"Model B includes a structured list of key developmental points, while Model A presents a more continuous narrative.",Presentation Style,Continuous narrative with no enumerated sections,"1. Early Ceramics, 2. Neolithic Revolution, 3. Different Regions, 4. Technological Advancements",General,"Model B frequently uses bullet points and lists to structure information, whereas Model A prefers a more fluid, narrative style.",Low,False
"European girl named Emese born at 12.11.2004 had her first glasses prescription at 04.10.2021 with OD SPH 0.0D CYL -0.5Dx180 OS SPH -0.25D CYL -0.25Dx160. Her second precription at 04.04.2022 was OD SPH 0.0D CYL -0.75Dx180 OS SPH -0.5D CYL -0.25Dx160. Her next prescription at 11.10.2022 no progression but overcorrected by SPH -0.5D both eyes. Her last prescription at 06.06.2023 no progression but overcorrected by  additional SPH -0.75D both eyes.  She will be in school for the next 2.5 years, and using computer and smartphone 10+ hours. She going out just for school. What is her predicted myopia progression by the next years at 20, 25, 30 with diopters. In details with examples in diopters.  What is the impact of overcorrection?","Predicting the exact progression of myopia in an individual is challenging, as it can vary significantly based on genetic, environmental, and lifestyle factors. However, we can make some educated guesses based on the available data and general trends.

### Current Prescription and Overcorrection Analysis

**First Prescription (04.10.2021):**
- OD (Right Eye): SPH 0.0D CYL -0.5D x 180
- OS (Left Eye): SPH -0.25D CYL -0.25D x 160

**Second Prescription (04.04.2022):**
- OD: SPH 0.0D CYL -0.75D x 180
- OS: SPH -0.5D CYL -0.25D x 160

**Third Prescription (11.10.2022):**
- OD: SPH -0.5D CYL -0.75D x 180 (overcorrected by -0.5D SPH)
- OS: SPH -1.0D CYL -0.25D x 160 (overcorrected by -0.5D SPH)

**Fourth Prescription (06.06.2023):**
- OD: SPH -1.25D CYL -0.75D x 180 (overcorrected by -0.75D SPH)
- OS: SPH -1.75D CYL -0.25D x 160 (overcorrected by -0.75D SPH)

### Impact of Overcorrection

Overcorrection can lead to several issues:
1. **Increased Eye Strain**: Overcorrected lenses can cause the eyes to work harder to focus, leading to increased eye strain and discomfort.
2. **Headaches**: Prolonged overcorrection can result in headaches, especially during prolonged computer or reading activities.
3. **Accelerated Myopia Progression**: Overcorrection can sometimes accelerate myopia progression by causing the eyes to adapt to the overcorrected prescription, leading to further changes in refractive error.
4. **Astigmatism Fluctuations**: Overcorrection can also affect the astigmatism component, potentially causing fluctuations in vision quality.

### Predicted Myopia Progression

Given that Emese is using computers and smartphones for 10+ hours a day and her myopia has been progressing, let's assume a moderate to high progression rate. Overcorrection might accelerate this progression.

#### Predictions by Age

**At Age 20 (2024):**
- **Without Overcorrection**: Assuming a moderate progression rate, her prescription might be around:
  - OD: SPH -2.0D CYL -0.75D x 180
  - OS: SPH -2.5D CYL -0.25D x 160
- **With Overcorrection**: If overcorrection continues, her prescription might be:
  - OD: SPH -3.0D CYL -0.75D x 180
  - OS: SPH -3.5D CYL -0.25D x 160

**At Age 25 (2029):**
- **Without Overcorrection**: Assuming a moderate progression rate, her prescription might be around:
  - OD: SPH -3.0D CYL -0.75D x 180
  - OS: SPH -3.5D CYL -0.25D x 160
- **With Overcorrection**: If overcorrection continues, her prescription might be:
  - OD: SPH -4.0D CYL -0.75D x 180
  - OS: SPH -4.5D CYL -0.25D x 160

**At Age 30 (2034):**
- **Without Overcorrection**: Assuming a moderate progression rate, her prescription might be around:
  - OD: SPH -4.0D CYL -0.75D x 180
  - OS: SPH -4.5D CYL -0.25D x 160
- **With Overcorrection**: If overcorrection continues, her prescription might be:
  - OD: SPH -5.0D CYL -0.75D x 180
  - OS: SPH -5.5D CYL -0.25D x 160

### Recommendations

1. **Regular Eye Exams**: Emese should have regular eye exams every 6 months to monitor her vision and adjust her prescription as needed.
2. **Corrective Lenses**: Ensure that her lenses are correctly prescribed to avoid overcorrection.
3. **Digital Eye Strain Management**: Encourage breaks during screen time (20-20-20 rule: every 20 minutes, look 20 feet away for 20 seconds).
4. **Outdoor Activities**: If possible, encourage outdoor activities to potentially slow down myopia progression.

These predictions are based on general trends and should be taken as estimates. Individual responses can vary significantly. Regular professional evaluation is crucial for accurate management of myopia progression.","Predicting myopia progression can be complex and depends on various factors, including genetics, lifestyle, and environmental factors. Emese's history shows a progression of myopia over time, but the overcorrection in her prescriptions suggests that her myopia might be stabilizing or that her eye care professional is managing her prescription to slow down progression. Here's a detailed look at her prescription history and potential future progression:

### Prescription History:
1. **First Prescription (04.10.2021):**
   - OD: SPH 0.0D, CYL -0.5D x 180
   - OS: SPH -0.25D, CYL -0.25D x 160

2. **Second Prescription (04.04.2022):**
   - OD: SPH 0.0D, CYL -0.75D x 180
   - OS: SPH -0.5D, CYL -0.25D x 160

3. **Third Prescription (11.10.2022):**
   - Overcorrected by SPH -0.5D both eyes
   - OD: SPH -0.5D, CYL -0.75D x 180
   - OS: SPH -0.5D, CYL -0.25D x 160

4. **Fourth Prescription (06.06.2023):**
   - Overcorrected by additional SPH -0.75D both eyes
   - OD: SPH -1.25D, CYL -0.75D x 180
   - OS: SPH -1.25D, CYL -0.25D x 160

### Factors Influencing Myopia Progression:
1. **Genetics:** Emese's genetic predisposition to myopia will play a significant role.
2. **Lifestyle:** High screen time (10+ hours per day) and limited outdoor activity can accelerate myopia progression.
3. **Overcorrection:** Overcorrecting prescriptions can sometimes slow down myopia progression by reducing the stimulus for the eye to elongate.

### Predicted Myopia Progression:
Given the current trend and the overcorrection strategy, here are some possible scenarios for her myopia progression:

#### At Age 20 (2024):
- **Scenario 1 (Moderate Progression):**
  - OD: SPH -1.5D, CYL -0.75D x 180
  - OS: SPH -1.5D, CYL -0.25D x 160
- **Scenario 2 (Stable with Overcorrection):**
  - OD: SPH -1.25D, CYL -0.75D x 180
  - OS: SPH -1.25D, CYL -0.25D x 160

#### At Age 25 (2029):
- **Scenario 1 (Moderate Progression):**
  - OD: SPH -2.0D, CYL -0.75D x 180
  - OS: SPH -2.0D, CYL -0.25D x 160
- **Scenario 2 (Stable with Overcorrection):**
  - OD: SPH -1.5D, CYL -0.75D x 180
  - OS: SPH -1.5D, CYL -0.25D x 160

#### At Age 30 (2034):
- **Scenario 1 (Moderate Progression):**
  - OD: SPH -2.5D, CYL -0.75D x 180
  - OS: SPH -2.5D, CYL -0.25D x 160
- **Scenario 2 (Stable with Overcorrection):**
  - OD: SPH -1.75D, CYL -0.75D x 180
  - OS: SPH -1.75D, CYL -0.25D x 160

### Impact of Overcorrection:
Overcorrection can have mixed effects:
- **Potential Benefits:**
  - May slow down the elongation of the eye, reducing the rate of myopia progression.
  - Can provide clearer vision at near distances, which might be beneficial for her heavy screen use.
- **Potential Drawbacks:**
  - May cause temporary discomfort or headaches.
  - Could lead to over-reliance on glasses, making it harder to function without them.
  - Might not be suitable for all individuals, as it can sometimes exacerbate myopia progression in the long term.

### Recommendations:
1. **Regular Eye Exams:** Continue regular eye exams to monitor progression and adjust prescriptions as needed.
2. **Outdoor Time:** Encourage more outdoor activities, as natural light and distance viewing can help slow myopia progression.
3. **Screen Time Management:** Implement breaks and use of blue-light filters to reduce eye strain from prolonged screen use.
4. **Consultation:** Regular consultation with an eye care professional to discuss the benefits and risks of overcorrection and other myopia control strategies.

Emese's myopia progression will likely continue, but the rate and extent can be influenced by lifestyle changes and management strategies. Regular monitoring and adjustments will be crucial in managing her myopia effectively.",Qwen_Qwen2,mistralai_Mistral-Small-3,"```json
[
    {
        ""difference"": ""Model A predicts significantly higher myopia progression compared to Model B, especially with overcorrection."",
        ""category"": ""Myopia Progression Prediction"",
        ""a_evidence"": ""At age 30, with overcorrection: OD -5.0D, OS -5.5D."",
        ""b_evidence"": ""At age 30, with overcorrection: OD -1.75D, OS -1.75D."",
        ""type"": ""General"",
        ""reason"": ""Model A consistently provides more aggressive predictions in medical contexts, while Model B adopts a more conservative and cautious approach."",
        ""impact"": ""High"",
        ""unexpected_behavior"": ""False""
    },
    {
        ""difference"": ""Model A explicitly lists both 'with and without overcorrection' scenarios, while Model B uses 'scenarios' to show variation."",
        ""category"": ""Presentation Style"",
        ""a_evidence"": ""With Overcorrection: If overcorrection continues, her prescription might be: OD -3.0D, OS -3.5D (at age 20)."",
        ""b_evidence"": ""Scenario 1 (Moderate Progression): OD -1.5D, OS -1.5D. Scenario 2 (Stable with Overcorrection): OD -1.25D, OS -1.25D."",
        ""type"": ""Context-Specific"",
        ""reason"": ""The prompt asked for predictions 'in details with examples in diopters', so both models adapted, but A used a structured comparison while B used labeled scenarios."",
        ""impact"": ""Medium"",
        ""unexpected_behavior"": ""False""
    },
    {
        ""difference"": ""Model A emphasizes the negative impact of overcorrection, while Model B presents it as potentially beneficial in some cases."",
        ""category"": ""Overcorrection Analysis"",
        ""a_evidence"": ""Overcorrection can accelerate myopia progression by causing the eyes to adapt to the overcorrected prescription."",
        ""b_evidence"": ""Overcorrection may slow down the elongation of the eye, reducing the rate of myopia progression."",
        ""type"": ""General"",
        ""reason"": ""Model A tends to adopt a more cautionary stance on medical interventions, while Model B balances potential benefits and drawbacks."",
        ""impact"": ""Medium"",
        ""unexpected_behavior"": ""False""
    },
    {
        ""difference"": ""Model A provides more frequent prescription updates (every 6 months) as a recommendation, while Model B suggests general monitoring."",
        ""category"": ""Recommendations"",
        ""a_evidence"": ""Emese should have regular eye exams every 6 months to monitor her vision."",
        ""b_evidence"": ""Continue regular eye exams to monitor progression and adjust prescriptions as needed."",
        ""type"": ""General"",
        ""reason"": ""Model A typically offers more specific and structured advice, while Model B gives more general guidance."",
        ""impact"": ""Low"",
        ""unexpected_behavior"": ""False""
    }
]
```","{'difference': 'Model A provides more frequent prescription updates (every 6 months) as a recommendation, while Model B suggests general monitoring.', 'category': 'Recommendations', 'a_evidence': 'Emese should have regular eye exams every 6 months to monitor her vision.', 'b_evidence': 'Continue regular eye exams to monitor progression and adjust prescriptions as needed.', 'type': 'General', 'reason': 'Model A typically offers more specific and structured advice, while Model B gives more general guidance.', 'impact': 'Low', 'unexpected_behavior': 'False'}",,"Model A provides more frequent prescription updates (every 6 months) as a recommendation, while Model B suggests general monitoring.",Recommendations,Emese should have regular eye exams every 6 months to monitor her vision.,Continue regular eye exams to monitor progression and adjust prescriptions as needed.,General,"Model A typically offers more specific and structured advice, while Model B gives more general guidance.",Low,False
